millis,rssi,label
14295,-72,moving
17686,-72,moving
20877,-70,moving
24268,-71,moving
27458,-78,moving
30849,-69,moving
34040,-66,moving
37431,-68,moving
40822,-69,moving
44213,-67,moving
47604,-69,moving
50995,-70,moving
54386,-74,moving
57777,-78,moving
61168,-61,moving
64559,-61,moving
67950,-69,moving
71141,-66,moving
74532,-61,moving
77923,-62,moving
81313,-74,moving
84704,-67,moving
88095,-64,moving
91286,-65,moving
94677,-66,moving
98068,-73,moving
101459,-66,moving
104850,-68,moving
108241,-62,moving
111232,-62,moving
114623,-63,moving
118014,-64,moving
121405,-76,moving
124796,-69,moving
128187,-63,moving
131578,-65,moving
134969,-64,moving
138360,-67,moving
141551,-75,moving
144742,-71,moving
148133,-66,moving
151323,-68,moving
154714,-73,moving
158105,-73,moving
161496,-70,moving
164887,-61,moving
168278,-62,moving
171669,-66,moving
175060,-66,moving
178451,-63,moving
181842,-77,moving
185233,-63,moving
188624,-62,moving
192015,-67,moving
195406,-64,moving
198797,-67,moving
201988,-70,moving
205379,-72,moving
208569,-72,moving
211560,-73,moving
214751,-68,moving
217942,-76,moving
221132,-70,moving
224523,-75,moving
227914,-68,moving
231105,-70,moving
234496,-64,moving
237887,-65,moving
241278,-59,moving
244669,-70,moving
248060,-63,moving
251450,-71,moving
254641,-72,moving
258032,-66,moving
261423,-68,moving
264814,-65,moving
268205,-65,moving
271596,-66,moving
274987,-64,moving
278378,-66,moving
281769,-61,moving
284960,-65,moving
288351,-72,moving
291341,-69,moving
294131,-69,moving
297322,-67,moving
300112,-66,moving
303303,-63,moving
306293,-61,moving
309284,-64,moving
312274,-64,moving
315465,-64,moving
318455,-61,moving
321446,-62,moving
324436,-63,moving
327226,-64,moving
330617,-68,moving
333808,-63,moving
336998,-62,moving
339989,-65,moving
343179,-69,moving
346570,-69,moving
349760,-62,moving
352751,-64,moving
355742,-59,moving
358732,-64,moving
362123,-67,moving
365113,-71,moving
368104,-68,moving
371295,-69,moving
374485,-73,moving
377476,-67,moving
380466,-71,moving
383657,-77,moving
386848,-64,moving
390038,-65,moving
393229,-68,moving
396220,-68,moving
399610,-68,moving
402601,-66,moving
405591,-65,moving
408782,-67,moving
412172,-67,moving
415163,-65,moving
418154,-64,moving
421144,-75,moving
423934,-67,moving
427325,-74,moving
430716,-67,moving
433906,-73,moving
437097,-66,moving
440288,-69,moving
443479,-67,moving
446469,-72,moving
449660,-73,moving
452650,-69,moving
455441,-69,moving
458431,-75,moving
461422,-70,moving
464612,-65,moving
467603,-64,moving
470593,-62,moving
473383,-63,moving
476173,-71,moving
478964,-61,moving
482154,-62,moving
485145,-70,moving
488135,-65,moving
491526,-66,moving
494517,-65,moving
497907,-64,moving
501298,-65,moving
504289,-65,moving
507279,-66,moving
510470,-62,moving
513460,-67,moving
516450,-61,moving
519641,-64,moving
522431,-62,moving
525422,-75,moving
528613,-65,moving
531803,-60,moving
534994,-63,moving
537984,-66,moving
540975,-65,moving
543765,-66,moving
546555,-63,moving
549746,-63,moving
552937,-67,moving
556127,-70,moving
559318,-70,moving
562309,-67,moving
565500,-66,moving
568891,-66,moving
572282,-64,moving
575673,-61,moving
579064,-61,moving
582455,-62,moving
585846,-59,moving
588836,-61,moving
591627,-71,moving
594217,-100,moving
597007,-68,moving
599797,-66,moving
602588,-79,moving
605378,-65,moving
608569,-67,moving
611559,-74,moving
614750,-73,moving
617741,-68,moving
621132,-71,moving
624123,-70,moving
626913,-71,moving
629903,-65,moving
633294,-63,moving
636485,-71,moving
639676,-64,moving
643067,-68,moving
646458,-73,moving
649649,-67,moving
652840,-64,moving
656031,-68,moving
659221,-63,moving
662412,-65,moving
665603,-64,moving
668993,-68,moving
672184,-75,moving
675175,-68,moving
678566,-68,moving
681756,-65,moving
684947,-61,moving
687937,-63,moving
690928,-69,moving
693919,-61,moving
697109,-58,moving
700300,-60,moving
703490,-60,moving
706481,-65,moving
709672,-64,moving
712862,-66,moving
715853,-62,moving
719044,-65,moving
722235,-64,moving
725425,-63,moving
728616,-63,moving
731806,-61,moving
734997,-70,moving
737988,-63,moving
740778,-62,moving
743768,-74,moving
746759,-67,moving
749949,-67,moving
752940,-69,moving
756131,-66,moving
759321,-63,moving
762512,-66,moving
765503,-66,moving
768693,-69,moving
771684,-65,moving
774874,-63,moving
777865,-62,moving
780855,-64,moving
783846,-70,moving
787236,-64,moving
790227,-66,moving
793218,-76,moving
796208,-64,moving
799198,-66,moving
801989,-100,moving
804779,-78,moving
807769,-67,moving
810560,-100,moving
813750,-65,moving
816741,-71,moving
819932,-66,moving
822922,-71,moving
826113,-68,moving
828903,-68,moving
832094,-62,moving
835084,-64,moving
838075,-71,moving
841265,-67,moving
844456,-68,moving
847246,-73,moving
850236,-65,moving
853427,-65,moving
856418,-68,moving
859408,-66,moving
862399,-68,moving
865389,-64,moving
868579,-66,moving
871570,-100,moving
874761,-75,moving
877751,-77,moving
880942,-64,moving
883932,-70,moving
886723,-100,moving
889713,-69,moving
892704,-70,moving
895694,-63,moving
898885,-76,moving
901875,-64,moving
905066,-63,moving
908056,-64,moving
911046,-60,moving
914037,-69,moving
917228,-61,moving
920218,-60,moving
923209,-68,moving
926399,-62,moving
929390,-81,moving
932380,-67,moving
935371,-64,moving
938161,-68,moving
941151,-62,moving
944342,-64,moving
947733,-67,moving
950723,-73,moving
953514,-100,moving
956704,-64,moving
959895,-78,moving
962885,-74,moving
965676,-100,moving
968466,-100,moving
971857,-75,moving
975048,-77,moving
978038,-82,moving
981029,-71,moving
984020,-100,moving
987410,-66,moving
990401,-64,moving
993792,-64,moving
996982,-78,moving
999973,-67,moving
1002964,-64,moving
1005954,-67,moving
1008945,-64,moving
1011735,-67,moving
1014726,-66,moving
1017916,-64,moving
1021107,-72,moving
1024498,-67,moving
1027689,-74,moving
1031080,-67,moving
1034471,-75,moving
1037862,-64,moving
1041052,-68,moving
1044443,-78,moving
1047434,-74,moving
1050625,-60,moving
1054016,-65,moving
1057407,-62,moving
1060798,-69,moving
1063988,-63,moving
1067179,-75,moving
1070570,-63,moving
1073561,-65,moving
1076952,-65,moving
1080143,-67,moving
1083333,-66,moving
1086724,-64,moving
1090115,-60,moving
1093506,-62,moving
1096897,-68,moving
1100088,-63,moving
1103079,-73,moving
1106470,-82,moving
1109861,-69,moving
1113252,-68,moving
1116643,-72,moving
1120034,-59,moving
1123224,-66,moving
1126615,-69,moving
1130006,-73,moving
1133197,-64,moving
1136388,-64,moving
1139779,-68,moving
1143170,-70,moving
1146561,-65,moving
1149952,-64,moving
1153343,-62,moving
1156734,-62,moving
1160125,-63,moving
1163516,-74,moving
1166907,-70,moving
1170097,-64,moving
1173088,-69,moving
1176479,-76,moving
1179870,-67,moving
1183261,-62,moving
1186652,-64,moving
1190043,-61,moving
1193434,-62,moving
1196825,-62,moving
1200016,-65,moving
1203407,-64,moving
1206597,-61,moving
1209988,-66,moving
1213379,-64,moving
1216770,-65,moving
1220161,-75,moving
1223352,-66,moving
1226743,-66,moving
1230134,-67,moving
1233525,-68,moving
1236916,-66,moving
1240307,-61,moving
1243498,-62,moving
1246889,-62,moving
1250280,-67,moving
1253671,-60,moving
1257062,-63,moving
1260453,-66,moving
1263844,-60,moving
1267235,-66,moving
1270426,-63,moving
1273817,-65,moving
1277208,-61,moving
1280399,-60,moving
1283589,-63,moving
1286980,-71,moving
1290171,-61,moving
1293562,-74,moving
1296953,-67,moving
1300344,-63,moving
1303735,-64,moving
1306926,-66,moving
1310317,-71,moving
1313708,-60,moving
1317099,-62,moving
1320490,-65,moving
1323881,-59,moving
1327272,-63,moving
1330663,-65,moving
1333853,-67,moving
1337244,-65,moving
1340635,-66,moving
1344026,-62,moving
1347217,-62,moving
1350408,-66,moving
1353799,-70,moving
1356990,-61,moving
1360381,-62,moving
1363772,-62,moving
1366963,-62,moving
1370354,-63,moving
1373544,-65,moving
1376935,-63,moving
1380326,-65,moving
1383717,-65,moving
1387108,-63,moving
1390299,-61,moving
1393490,-64,moving
1396680,-75,moving
1399471,-72,moving
1402861,-64,moving
1406052,-63,moving
1409443,-74,moving
1412834,-65,moving
1416225,-70,moving
1419616,-64,moving
1423007,-64,moving
1426398,-64,moving
1429789,-65,moving
1433180,-62,moving
1436371,-63,moving
1439762,-61,moving
1442953,-60,moving
1446344,-60,moving
1449735,-58,moving
1453126,-63,moving
1456517,-65,moving
1459708,-61,moving
1463099,-65,moving
1466490,-65,moving
1469881,-64,moving
1473272,-67,moving
1476663,-62,moving
1480054,-65,moving
1483445,-65,moving
1486836,-65,moving
1490227,-61,moving
1493418,-60,moving
1496809,-69,moving
1500200,-67,moving
1503591,-67,moving
1506983,-62,moving
1510374,-68,moving
1513765,-62,moving
1517156,-64,moving
1520547,-64,moving
1523938,-73,moving
1527329,-62,moving
1530720,-64,moving
1534111,-65,moving
1537502,-66,moving
1540893,-67,moving
1544284,-64,moving
1547675,-65,moving
1551066,-66,moving
1554457,-64,moving
1557848,-65,moving
1561239,-63,moving
1564630,-64,moving
1567821,-60,moving
1571212,-69,moving
1574603,-70,moving
1577994,-65,moving
1581386,-66,moving
1584777,-64,moving
1587967,-64,moving
1591358,-64,moving
1594749,-66,moving
1598140,-67,moving
1601531,-69,moving
1604922,-66,moving
1608313,-62,moving
1611704,-68,moving
1614895,-62,moving
1618286,-67,moving
1621477,-69,moving
1624868,-65,moving
1628259,-62,moving
1631650,-64,moving
1635041,-62,moving
1638432,-61,moving
1641623,-62,moving
1645014,-65,moving
1648405,-60,moving
1651795,-64,moving
1655186,-60,moving
1658577,-66,moving
1661968,-67,moving
1665359,-62,moving
1668750,-61,moving
1672141,-64,moving
1675532,-65,moving
1678923,-60,moving
1682314,-61,moving
1685705,-68,moving
1688895,-66,moving
1692286,-63,moving
1695677,-68,moving
1699068,-71,moving
1702459,-65,moving
1705850,-75,moving
1709041,-69,moving
1712432,-69,moving
1715823,-67,moving
1719214,-62,moving
1722605,-63,moving
1725996,-62,moving
1729387,-63,moving
1732778,-65,moving
1736169,-62,moving
1739560,-75,moving
1742951,-63,moving
1746342,-63,moving
1749733,-64,moving
1753124,-59,moving
1756515,-65,moving
1759906,-71,moving
2963448,-65,empty
2966638,-62,empty
2969629,-63,empty
2972820,-66,empty
2975810,-62,empty
2979001,-63,empty
2982192,-67,empty
2985383,-63,empty
2988573,-64,empty
2991764,-62,empty
2994955,-65,empty
2998146,-63,empty
3001336,-61,empty
3004527,-65,empty
3007718,-62,empty
3010908,-60,empty
3014099,-62,empty
3017290,-62,empty
3020481,-64,empty
3023671,-62,empty
3026862,-66,empty
3029853,-63,empty
3033044,-65,empty
3036234,-64,empty
3039425,-63,empty
3042616,-62,empty
3045806,-62,empty
3048997,-61,empty
3052188,-61,empty
3055379,-62,empty
3058569,-62,empty
3061760,-60,empty
3064951,-63,empty
3068142,-61,empty
3071333,-65,empty
3074523,-64,empty
3077714,-63,empty
3080905,-62,empty
3084096,-64,empty
3087286,-66,empty
3090477,-63,empty
3093668,-63,empty
3096859,-61,empty
3100050,-63,empty
3103241,-61,empty
3106431,-63,empty
3109622,-62,empty
3112813,-64,empty
3116003,-65,empty
3119194,-63,empty
3122385,-62,empty
3125576,-65,empty
3128766,-66,empty
3131957,-63,empty
3135148,-62,empty
3138339,-63,empty
3141529,-63,empty
3144720,-65,empty
3147911,-67,empty
3151102,-64,empty
3154292,-67,empty
3157483,-64,empty
3160674,-63,empty
3163865,-61,empty
3167055,-67,empty
3170246,-61,empty
3173437,-64,empty
3176628,-64,empty
3179819,-64,empty
3183010,-65,empty
3186200,-67,empty
3189391,-66,empty
3192582,-65,empty
3195773,-64,empty
3198964,-67,empty
3202155,-66,empty
3205345,-65,empty
3208536,-62,empty
3211727,-63,empty
3214918,-64,empty
3218108,-67,empty
3221299,-65,empty
3224490,-64,empty
3227681,-63,empty
3230872,-64,empty
3234062,-66,empty
3237253,-64,empty
3240444,-64,empty
3243635,-65,empty
3246825,-65,empty
3250016,-63,empty
3253207,-65,empty
3256398,-63,empty
3259589,-65,empty
3262779,-64,empty
3265970,-65,empty
3269161,-63,empty
3272351,-64,empty
3275542,-63,empty
3278733,-64,empty
3281923,-63,empty
3285114,-64,empty
3288305,-64,empty
3291495,-64,empty
3294686,-62,empty
3297877,-63,empty
3301068,-65,empty
3304258,-66,empty
3307449,-64,empty
3310640,-66,empty
3313631,-63,empty
3316821,-64,empty
3320012,-64,empty
3323203,-61,empty
3326393,-62,empty
3329584,-61,empty
3332775,-62,empty
3335965,-64,empty
3339156,-61,empty
3342347,-62,empty
3345538,-64,empty
3348728,-68,empty
3351719,-62,empty
3354909,-64,empty
3358100,-64,empty
3361290,-64,empty
3364481,-63,empty
3367672,-62,empty
3370662,-62,empty
3373853,-63,empty
3377044,-62,empty
3380234,-64,empty
3383225,-61,empty
3386215,-62,empty
3389406,-62,empty
3392597,-63,empty
3395787,-63,empty
3398978,-67,empty
3402169,-63,empty
3405360,-64,empty
3408350,-62,empty
3411541,-65,empty
3414531,-64,empty
3417522,-64,empty
3420512,-63,empty
3423503,-64,empty
3426694,-64,empty
3429684,-64,empty
3432675,-64,empty
3435865,-63,empty
3439056,-64,empty
3442247,-64,empty
3445438,-65,empty
3448628,-66,empty
3451819,-64,empty
3455010,-63,empty
3458201,-63,empty
3461391,-62,empty
3464582,-62,empty
3467773,-63,empty
3470964,-63,empty
3474154,-66,empty
3477345,-62,empty
3480536,-61,empty
3483727,-66,empty
3486917,-61,empty
3490108,-63,empty
3493299,-62,empty
3496289,-63,empty
3499480,-63,empty
3502471,-63,empty
3505661,-63,empty
3508852,-63,empty
3511842,-64,empty
3515033,-61,empty
3518024,-62,empty
3521215,-61,empty
3524405,-61,empty
3527596,-62,empty
3530587,-62,empty
3533777,-63,empty
3536968,-63,empty
3540159,-69,empty
3543349,-65,empty
3546540,-64,empty
3549731,-64,empty
3552922,-65,empty
3556113,-61,empty
3559303,-62,empty
3562494,-64,empty
3565685,-63,empty
3568876,-65,empty
3572067,-63,empty
3575257,-64,empty
3578448,-62,empty
3581639,-64,empty
3584829,-62,empty
3588020,-64,empty
3591211,-63,empty
3594402,-63,empty
3597592,-65,empty
3600783,-62,empty
3603974,-66,empty
3607165,-64,empty
3610356,-68,empty
3613546,-66,empty
3616737,-67,empty
3619928,-64,empty
3622918,-66,empty
3625909,-64,empty
3629100,-62,empty
3632291,-62,empty
3635481,-63,empty
3638672,-64,empty
3641863,-67,empty
3645054,-63,empty
3648244,-65,empty
3651435,-61,empty
3654626,-61,empty
3657817,-61,empty
3660807,-63,empty
3663798,-62,empty
3666788,-63,empty
3669779,-63,empty
3672769,-63,empty
3675760,-65,empty
3678951,-65,empty
3681741,-64,empty
3684531,-65,empty
3687522,-65,empty
3690713,-62,empty
3693703,-64,empty
3696894,-62,empty
3699884,-63,empty
3702875,-61,empty
3706065,-64,empty
3708856,-65,empty
3712046,-63,empty
3715237,-61,empty
3718227,-63,empty
3721218,-63,empty
3724209,-65,empty
3727399,-62,empty
3730590,-62,empty
3733781,-62,empty
3737172,-62,empty
3740362,-62,empty
3743353,-63,empty
3746544,-62,empty
3749734,-63,empty
3752925,-61,empty
3755916,-62,empty
3759107,-64,empty
3762297,-66,empty
3765488,-63,empty
3768679,-62,empty
3771870,-61,empty
3775061,-62,empty
3778251,-64,empty
3781442,-64,empty
3784633,-63,empty
3787824,-63,empty
3791014,-64,empty
3794205,-67,empty
3797396,-65,empty
3800587,-65,empty
3803778,-63,empty
3806968,-65,empty
3810159,-62,empty
3813350,-64,empty
3816540,-67,empty
3819731,-65,empty
3822922,-64,empty
3826113,-64,empty
3829303,-65,empty
3832494,-65,empty
3835685,-67,empty
3838876,-65,empty
3842067,-63,empty
3845257,-66,empty
3848448,-63,empty
3851639,-63,empty
3854830,-63,empty
3858021,-64,empty
3861212,-63,empty
3864403,-64,empty
3867593,-66,empty
3870784,-64,empty
3873975,-66,empty
3877166,-64,empty
3880357,-64,empty
3883547,-66,empty
3886738,-63,empty
3889929,-64,empty
3893120,-64,empty
3896311,-63,empty
3899502,-63,empty
3902692,-66,empty
3905883,-60,empty
3909074,-64,empty
3912265,-65,empty
3915456,-64,empty
3918647,-64,empty
3921837,-65,empty
3925028,-64,empty
3928219,-65,empty
3931410,-68,empty
3934601,-65,empty
3937792,-63,empty
3940982,-62,empty
3944173,-62,empty
3947364,-63,empty
3950555,-61,empty
3953746,-65,empty
3956936,-65,empty
3960127,-66,empty
3963318,-65,empty
3966509,-63,empty
3969700,-64,empty
3972891,-64,empty
3976081,-65,empty
3979272,-64,empty
3982463,-62,empty
3985654,-64,empty
3988845,-65,empty
3992035,-65,empty
3995226,-63,empty
3998417,-65,empty
4001608,-66,empty
4004799,-65,empty
4007989,-65,empty
4011180,-63,empty
4014371,-64,empty
4017562,-65,empty
4020752,-64,empty
4023943,-63,empty
4027134,-65,empty
4030124,-64,empty
4033115,-64,empty
4036106,-64,empty
4039296,-64,empty
4042487,-63,empty
4045678,-64,empty
4048869,-62,empty
4052060,-63,empty
4055050,-63,empty
4058241,-62,empty
4061432,-64,empty
4064623,-65,empty
4067813,-66,empty
4071004,-63,empty
4074195,-63,empty
4077386,-64,empty
4080577,-63,empty
4083767,-67,empty
4086958,-65,empty
4090149,-64,empty
4093340,-65,empty
4096530,-63,empty
4099721,-64,empty
4102912,-62,empty
4106103,-62,empty
4109294,-62,empty
4112484,-61,empty
4115675,-61,empty
4118866,-60,empty
4122057,-62,empty
4125047,-62,empty
4128238,-62,empty
4131429,-61,empty
4134619,-62,empty
4137810,-63,empty
4141001,-64,empty
4144192,-63,empty
4147382,-65,empty
4150573,-66,empty
4153564,-63,empty
4156754,-65,empty
4159945,-65,empty
4163135,-63,empty
4166326,-63,empty
4169517,-64,empty
4172708,-63,empty
4175899,-65,empty
4179090,-64,empty
4182280,-65,empty
4185471,-64,empty
4188662,-63,empty
4191853,-62,empty
4195044,-62,empty
4198234,-62,empty
4201425,-62,empty
4204416,-63,empty
4207606,-62,empty
4210797,-63,empty
4213988,-63,empty
4217179,-61,empty
4220369,-60,empty
4223560,-63,empty
4226751,-63,empty
4229942,-60,empty
4233132,-62,empty
4236323,-63,empty
4239514,-62,empty
4242705,-62,empty
4245896,-62,empty
4249086,-62,empty
4252277,-62,empty
4255468,-61,empty
4258659,-61,empty
4261850,-61,empty
4265040,-62,empty
4268231,-64,empty
4271422,-61,empty
4274613,-62,empty
4277804,-62,empty
4280994,-62,empty
4284185,-63,empty
4287376,-62,empty
4290567,-61,empty
4293758,-62,empty
4296948,-61,empty
4300139,-62,empty
4303130,-61,empty
4306321,-61,empty
4309512,-60,empty
4312702,-62,empty
4315693,-60,empty
4318883,-64,empty
4322074,-61,empty
4325265,-63,empty
4328456,-63,empty
4331446,-63,empty
4334637,-62,empty
4337628,-62,empty
4340818,-62,empty
4344009,-62,empty
4347200,-62,empty
4350391,-61,empty
4353381,-61,empty
4356572,-61,empty
4359763,-61,empty
4362954,-60,empty
4366144,-62,empty
4369335,-63,empty
4372526,-63,empty
4375717,-64,empty
4378908,-64,empty
4382098,-64,empty
4385289,-63,empty
4388480,-62,empty
4391471,-62,empty
4394461,-62,empty
4397452,-61,empty
4400443,-60,empty
4403433,-61,empty
4406424,-61,empty
4409415,-61,empty
4412405,-60,empty
4415396,-61,empty
4418387,-63,empty
4421377,-60,empty
4424368,-63,empty
4427359,-61,empty
4430349,-61,empty
4433340,-60,empty
4436331,-62,empty
4439321,-62,empty
4442112,-62,empty
4445102,-62,empty
4448093,-63,empty
4451084,-62,empty
4454074,-63,empty
4457065,-60,empty
4460056,-60,empty
4463046,-62,empty
4466037,-61,empty
4469028,-61,empty
4472018,-62,empty
4475009,-62,empty
4478000,-64,empty
4480990,-62,empty
4483981,-64,empty
4486972,-62,empty
4489962,-62,empty
4492953,-63,empty
4495944,-62,empty
4498934,-62,empty
4501925,-64,empty
4504916,-61,empty
4507906,-63,empty
4510897,-62,empty
4513888,-62,empty
4516878,-62,empty
4519869,-63,empty
4522860,-63,empty
4525851,-62,empty
4528841,-62,empty
4531832,-62,empty
4534822,-63,empty
4537813,-59,empty
4540804,-59,empty
4543794,-60,empty
4546785,-61,empty
4549775,-61,empty
4552766,-63,empty
4555757,-60,empty
4558747,-63,empty
4561738,-63,empty
4564729,-61,empty
4567719,-61,empty
4570710,-59,empty
4573701,-63,empty
4576691,-61,empty
4579682,-64,empty
4582673,-62,empty
4585663,-62,empty
4588654,-62,empty
4591645,-62,empty
4594635,-63,empty
4597626,-60,empty
4600617,-62,empty
4603607,-60,empty
4606598,-63,empty
4609588,-63,empty
4612579,-63,empty
4615570,-63,empty
4618560,-63,empty
4621551,-63,empty
4624542,-64,empty
4627532,-63,empty
4630523,-64,empty
4633514,-63,empty
4636505,-63,empty
4639495,-62,empty
4642486,-64,empty
4645477,-63,empty
4648467,-63,empty
4651458,-64,empty
4654449,-62,empty
4657439,-64,empty
4660430,-64,empty
4663421,-62,empty
4666411,-63,empty
4669402,-63,empty
4672393,-64,empty
4675383,-60,empty
4678374,-62,empty
4681365,-62,empty
4684355,-63,empty
4687346,-61,empty
4690337,-60,empty
4693327,-62,empty
4696318,-61,empty
4699309,-63,empty
4702299,-63,empty
4705290,-62,empty
4708281,-63,empty
4711271,-63,empty
4714262,-62,empty
4717253,-64,empty
5513115,-73,idle
5516105,-65,idle
5519096,-62,idle
5522086,-62,idle
5525077,-59,idle
5528068,-61,idle
5531058,-63,idle
5534049,-66,idle
5537039,-64,idle
5540030,-75,idle
5542820,-69,idle
5545811,-69,idle
5548601,-65,idle
5551592,-71,idle
5554582,-67,idle
5557373,-69,idle
5560363,-73,idle
5563354,-75,idle
5566344,-71,idle
5569335,-64,idle
5572125,-71,idle
5574915,-66,idle
5577906,-75,idle
5580896,-63,idle
5583887,-71,idle
5586677,-64,idle
5589668,-64,idle
5592458,-66,idle
5595449,-63,idle
5598439,-63,idle
5601430,-64,idle
5604421,-62,idle
5607411,-61,idle
5610402,-64,idle
5613392,-65,idle
5616383,-65,idle
5619373,-64,idle
5622364,-65,idle
5625354,-62,idle
5628345,-61,idle
5631335,-62,idle
5634326,-63,idle
5637116,-63,idle
5640107,-65,idle
5643097,-64,idle
5646088,-70,idle
5649078,-71,idle
5652069,-67,idle
5655060,-69,idle
5658050,-62,idle
5661041,-67,idle
5664031,-65,idle
5667022,-64,idle
5670013,-67,idle
5673003,-64,idle
5675994,-64,idle
5678984,-64,idle
5681975,-63,idle
5684966,-63,idle
5687956,-64,idle
5690947,-64,idle
5693937,-63,idle
5696928,-64,idle
5699918,-62,idle
5702909,-65,idle
5705900,-68,idle
5708890,-63,idle
5711881,-66,idle
5714671,-68,idle
5717662,-64,idle
5720652,-65,idle
5723442,-65,idle
5726233,-68,idle
5729223,-66,idle
5732214,-63,idle
5735204,-68,idle
5738195,-64,idle
5741185,-65,idle
5744176,-70,idle
5747166,-72,idle
5749957,-66,idle
5752947,-68,idle
5755938,-68,idle
5758928,-70,idle
5761919,-69,idle
5764709,-69,idle
5767700,-68,idle
5770690,-66,idle
5773681,-68,idle
5776671,-70,idle
5779662,-67,idle
5782452,-69,idle
5785443,-68,idle
5788233,-70,idle
5791223,-68,idle
5794214,-69,idle
5797204,-69,idle
5800195,-70,idle
5803186,-74,idle
5806176,-70,idle
5809167,-67,idle
5812157,-70,idle
5815148,-71,idle
5818138,-70,idle
5821129,-64,idle
5824119,-63,idle
5827110,-64,idle
5830101,-66,idle
5833091,-70,idle
5835882,-71,idle
5838872,-66,idle
5841863,-68,idle
5844653,-74,idle
5847643,-74,idle
5850634,-71,idle
5853625,-67,idle
5856615,-74,idle
5859606,-75,idle
5862597,-76,idle
5865587,-75,idle
5868578,-82,idle
5871569,-73,idle
5874560,-65,idle
5877550,-67,idle
5880541,-72,idle
5883531,-66,idle
5886522,-66,idle
5889512,-66,idle
5892503,-66,idle
5895494,-64,idle
5898484,-65,idle
5901475,-65,idle
5904466,-73,idle
5907456,-66,idle
5910447,-66,idle
5913437,-73,idle
5916428,-71,idle
5919418,-70,idle
5922409,-68,idle
5925399,-75,idle
5928390,-67,idle
5931381,-71,idle
5934371,-67,idle
5937362,-69,idle
5940353,-67,idle
5943343,-67,idle
5946334,-68,idle
5949324,-59,idle
5952315,-59,idle
5955105,-68,idle
5958096,-73,idle
5961087,-70,idle
5964077,-64,idle
5967068,-68,idle
5970058,-69,idle
5973049,-77,idle
5976040,-64,idle
5979030,-70,idle
5982021,-68,idle
5985012,-65,idle
5988002,-71,idle
5990993,-70,idle
5993984,-65,idle
5996974,-66,idle
5999965,-65,idle
6002955,-64,idle
6005946,-67,idle
6008937,-67,idle
6011927,-66,idle
6014918,-68,idle
6017909,-64,idle
6020899,-63,idle
6023890,-65,idle
6026881,-64,idle
6029871,-64,idle
6032862,-64,idle
6035852,-64,idle
6038843,-66,idle
6041834,-66,idle
6044824,-65,idle
6047815,-65,idle
6050806,-66,idle
6053796,-63,idle
6056787,-65,idle
6059777,-65,idle
6062768,-64,idle
6065759,-67,idle
6068749,-67,idle
6071740,-66,idle
6074731,-63,idle
6077721,-67,idle
6080712,-64,idle
6083703,-68,idle
6086694,-64,idle
6089684,-65,idle
6092675,-68,idle
6095665,-65,idle
6098656,-70,idle
6101647,-66,idle
6104638,-65,idle
6107628,-66,idle
6110619,-67,idle
6113610,-65,idle
6116600,-65,idle
6119591,-66,idle
6122582,-64,idle
6125573,-67,idle
6128563,-66,idle
6131554,-67,idle
6134545,-69,idle
6137535,-69,idle
6140526,-71,idle
6143517,-67,idle
6146507,-70,idle
6149498,-73,idle
6152489,-72,idle
6155479,-72,idle
6158470,-67,idle
6161461,-64,idle
6164451,-72,idle
6167442,-69,idle
6170433,-70,idle
6173423,-71,idle
6176414,-69,idle
6179405,-68,idle
6182395,-71,idle
6185386,-67,idle
6188376,-69,idle
6191367,-72,idle
6194358,-71,idle
6197348,-69,idle
6200339,-67,idle
6203329,-66,idle
6206320,-78,idle
6209311,-66,idle
6212301,-69,idle
6215292,-76,idle
6218283,-70,idle
6221273,-67,idle
6224264,-76,idle
6227254,-66,idle
6230245,-74,idle
6233236,-70,idle
6236226,-67,idle
6239217,-69,idle
6242208,-77,idle
6245198,-70,idle
6248189,-75,idle
6251180,-69,idle
6254170,-69,idle
6257161,-69,idle
6260152,-68,idle
6263142,-68,idle
6266133,-71,idle
6269124,-72,idle
6272114,-78,idle
6275105,-77,idle
6278096,-75,idle
6281086,-70,idle
6284077,-74,idle
6287068,-74,idle
6290059,-73,idle
6293049,-74,idle
6296040,-73,idle
6299031,-74,idle
6302022,-76,idle
6305012,-74,idle
6308003,-67,idle
6310994,-66,idle
6313984,-69,idle
6316975,-65,idle
6319966,-73,idle
6322956,-70,idle
6325947,-70,idle
6328938,-67,idle
6331928,-69,idle
6334919,-72,idle
6337910,-72,idle
6340900,-69,idle
6343891,-70,idle
6346882,-74,idle
6349872,-71,idle
6352863,-73,idle
6355854,-66,idle
6358844,-69,idle
6361835,-72,idle
6364826,-72,idle
6367816,-72,idle
6370807,-72,idle
6373798,-67,idle
6376788,-68,idle
6379779,-70,idle
6382770,-75,idle
6385760,-73,idle
6388751,-69,idle
6391741,-72,idle
6394732,-68,idle
6397723,-67,idle
6400714,-67,idle
6403704,-69,idle
6406695,-70,idle
6409686,-73,idle
6412676,-68,idle
6415667,-72,idle
6418658,-76,idle
6421649,-70,idle
6424639,-70,idle
6427630,-73,idle
6430621,-71,idle
6433612,-69,idle
6436602,-65,idle
6439593,-70,idle
6442584,-71,idle
6445575,-68,idle
6448565,-69,idle
6451556,-73,idle
6454547,-74,idle
6457537,-73,idle
6460528,-68,idle
6463519,-70,idle
6466510,-71,idle
6469500,-73,idle
6472491,-71,idle
6475482,-72,idle
6478472,-66,idle
6481463,-70,idle
6484454,-62,idle
6487444,-62,idle
6490435,-63,idle
6493426,-60,idle
6496416,-62,idle
6499407,-61,idle
6502398,-58,idle
6505388,-59,idle
6508379,-61,idle
6511369,-62,idle
6514360,-60,idle
6517351,-62,idle
6520341,-73,idle
6523332,-67,idle
6526323,-67,idle
6529313,-66,idle
6532304,-63,idle
6535294,-64,idle
6538285,-66,idle
6541276,-66,idle
6544266,-63,idle
6547257,-63,idle
6550248,-65,idle
6553239,-65,idle
6556229,-64,idle
6559220,-62,idle
6562210,-64,idle
6565201,-64,idle
6568192,-63,idle
6571182,-69,idle
6574173,-64,idle
6577164,-64,idle
6580154,-63,idle
6583145,-63,idle
6586136,-64,idle
6589126,-64,idle
6592117,-64,idle
6595108,-66,idle
6598099,-64,idle
6601089,-70,idle
6604080,-67,idle
6607071,-63,idle
6610061,-65,idle
6613052,-68,idle
6616043,-64,idle
6619033,-64,idle
6622024,-63,idle
6625015,-62,idle
6628006,-61,idle
6630996,-64,idle
6633987,-64,idle
6636977,-64,idle
6639968,-63,idle
6642959,-66,idle
6645949,-68,idle
6648940,-66,idle
6651931,-72,idle
6654921,-64,idle
6657912,-73,idle
6660903,-67,idle
6663894,-72,idle
6666884,-70,idle
6669875,-67,idle
6672866,-64,idle
6675856,-73,idle
6678847,-70,idle
6681838,-68,idle
6684828,-68,idle
6687819,-66,idle
6690810,-65,idle
6693800,-68,idle
6696791,-69,idle
6699781,-66,idle
6702772,-74,idle
6705763,-70,idle
6708753,-70,idle
6711744,-71,idle
6714735,-72,idle
6717725,-69,idle
6720716,-67,idle
6723707,-69,idle
6726698,-68,idle
6729688,-70,idle
6732679,-68,idle
6735670,-68,idle
6738660,-68,idle
6741651,-74,idle
6744642,-68,idle
6747632,-70,idle
6750623,-69,idle
6753614,-69,idle
6756605,-69,idle
6759595,-76,idle
6762586,-69,idle
6765577,-66,idle
6768567,-73,idle
6771558,-71,idle
6774548,-74,idle
6777539,-72,idle
6780530,-68,idle
6783520,-71,idle
6786511,-69,idle
6789502,-71,idle
6792492,-75,idle
6795483,-66,idle
6798474,-67,idle
6801464,-70,idle
6804455,-66,idle
6807445,-65,idle
6810436,-68,idle
6813427,-66,idle
6816617,-66,idle
6819608,-70,idle
6822598,-69,idle
6825589,-67,idle
6828580,-66,idle
6831570,-71,idle
6834561,-71,idle
6837552,-67,idle
6840542,-66,idle
6843533,-67,idle
6846524,-67,idle
6849514,-65,idle
6852505,-65,idle
6855496,-68,idle
6858487,-65,idle
6861477,-72,idle
6864468,-70,idle
6867459,-71,idle
6870449,-67,idle
6873440,-63,idle
6876431,-66,idle
6879421,-66,idle
6882412,-71,idle
6885403,-70,idle
6888393,-66,idle
6891384,-66,idle
6894375,-67,idle
6897365,-66,idle
6900356,-68,idle
6903347,-68,idle
6906337,-67,idle
6909328,-68,idle
6912319,-67,idle
6915309,-66,idle
6918300,-69,idle
6921291,-69,idle
6924281,-65,idle
6927272,-68,idle
6930262,-66,idle
6933253,-66,idle
6936244,-65,idle
6939234,-72,idle
6942225,-72,idle
6945216,-70,idle
6948206,-70,idle
6951197,-67,idle
6954188,-70,idle
6957178,-66,idle
6960169,-65,idle
6963160,-63,idle
6966150,-65,idle
6969141,-66,idle
6972131,-68,idle
6975122,-66,idle
6978113,-64,idle
6981103,-62,idle
6984094,-67,idle
6987084,-70,idle
6990075,-64,idle
6993066,-65,idle
6996056,-66,idle
6999047,-70,idle
7002037,-67,idle
7005028,-70,idle
7008019,-69,idle
7011009,-67,idle
7014000,-69,idle
7016991,-66,idle
7019981,-68,idle
7022972,-71,idle
7025962,-68,idle
7028953,-74,idle
7031944,-72,idle
7034934,-76,idle
7037925,-77,idle
7040916,-71,idle
7043906,-76,idle
7046897,-69,idle
7049887,-71,idle
7052878,-67,idle
7055869,-71,idle
7058859,-69,idle
7061850,-65,idle
7064840,-66,idle
7067831,-63,idle
7070621,-67,idle
7073612,-65,idle
7076602,-66,idle
7079593,-64,idle
7082583,-67,idle
7085574,-64,idle
7088565,-62,idle
7091555,-62,idle
7094546,-62,idle
7097536,-64,idle
7100527,-61,idle
7103517,-63,idle
7106508,-65,idle
7109499,-64,idle
7112489,-67,idle
7115480,-63,idle
7118670,-65,idle
7121661,-66,idle
7124852,-70,idle
7127842,-69,idle
7130833,-68,idle
7133823,-63,idle
7136814,-70,idle
7139804,-67,idle
7142995,-63,idle
7146186,-64,idle
7149176,-64,idle
7152167,-65,idle
7155158,-63,idle
7158148,-64,idle
7161339,-64,idle
7164530,-63,idle
7167520,-68,idle
7170511,-67,idle
7173502,-67,idle
7176492,-64,idle
7179683,-76,idle
7182674,-67,idle
7185664,-66,idle
7188655,-67,idle
7191646,-76,idle
7194636,-66,idle
7197627,-69,idle
7200618,-67,idle
7203608,-69,idle
7206799,-67,idle
7209790,-70,idle
7212780,-73,idle
7215771,-67,idle
7218761,-64,idle
7221752,-66,idle
7224743,-64,idle
7227733,-64,idle
7230724,-65,idle
7233714,-66,idle
7236705,-66,idle
7239696,-66,idle
7242686,-68,idle
7245677,-64,idle
7248668,-65,idle
7251658,-64,idle
7254649,-68,idle
7257639,-72,idle
7260630,-70,idle
7263621,-70,idle
7266812,-69,idle
7269802,-67,idle
7272993,-67,idle
7275984,-65,idle
7278974,-64,idle
7281965,-64,idle
7285156,-67,idle
7288146,-63,idle
7291137,-66,idle
7294128,-64,idle
7297118,-65,idle
7300109,-66,idle
7303100,-64,idle
7306090,-62,idle
7309081,-69,idle
7312072,-71,idle
7315062,-69,idle
7318053,-69,idle
7321044,-65,idle
7324034,-70,idle
7327025,-75,idle
